<?xml version="1.0" encoding="UTF-8"?>
<GenRun Id="impl_1" LaunchPart="xc7a35tcpg236-1" LaunchTime="1634404254">
  <File Type="BITSTR-BMM" Name="registrador16bits_bd.bmm"/>
  <File Type="OPT-METHODOLOGY-DRC" Name="registrador16bits_methodology_drc_opted.rpt"/>
  <File Type="INIT-TIMING" Name="registrador16bits_timing_summary_init.rpt"/>
  <File Type="ROUTE-PWR" Name="registrador16bits_power_routed.rpt"/>
  <File Type="PA-TCL" Name="registrador16bits.tcl"/>
  <File Type="OPT-TIMING" Name="registrador16bits_timing_summary_opted.rpt"/>
  <File Type="OPT-DCP" Name="registrador16bits_opt.dcp"/>
  <File Type="ROUTE-PWR-SUM" Name="registrador16bits_power_summary_routed.pb"/>
  <File Type="REPORTS-TCL" Name="registrador16bits_reports.tcl"/>
  <File Type="OPT-DRC" Name="registrador16bits_drc_opted.rpt"/>
  <File Type="OPT-HWDEF" Name="registrador16bits.hwdef"/>
  <File Type="PWROPT-DCP" Name="registrador16bits_pwropt.dcp"/>
  <File Type="PWROPT-DRC" Name="registrador16bits_drc_pwropted.rpt"/>
  <File Type="PWROPT-TIMING" Name="registrador16bits_timing_summary_pwropted.rpt"/>
  <File Type="PLACE-DCP" Name="registrador16bits_placed.dcp"/>
  <File Type="PLACE-IO" Name="registrador16bits_io_placed.rpt"/>
  <File Type="PLACE-CLK" Name="registrador16bits_clock_utilization_placed.rpt"/>
  <File Type="PLACE-UTIL" Name="registrador16bits_utilization_placed.rpt"/>
  <File Type="PLACE-UTIL-PB" Name="registrador16bits_utilization_placed.pb"/>
  <File Type="PLACE-CTRL" Name="registrador16bits_control_sets_placed.rpt"/>
  <File Type="PLACE-SIMILARITY" Name="registrador16bits_incremental_reuse_placed.rpt"/>
  <File Type="PLACE-PRE-SIMILARITY" Name="registrador16bits_incremental_reuse_pre_placed.rpt"/>
  <File Type="PLACE-TIMING" Name="registrador16bits_timing_summary_placed.rpt"/>
  <File Type="POSTPLACE-PWROPT-DCP" Name="registrador16bits_postplace_pwropt.dcp"/>
  <File Type="BG-BIN" Name="registrador16bits.bin"/>
  <File Type="POSTPLACE-PWROPT-TIMING" Name="registrador16bits_timing_summary_postplace_pwropted.rpt"/>
  <File Type="PHYSOPT-DCP" Name="registrador16bits_physopt.dcp"/>
  <File Type="PHYSOPT-DRC" Name="registrador16bits_drc_physopted.rpt"/>
  <File Type="BITSTR-MSK" Name="registrador16bits.msk"/>
  <File Type="PHYSOPT-TIMING" Name="registrador16bits_timing_summary_physopted.rpt"/>
  <File Type="ROUTE-ERROR-DCP" Name="registrador16bits_routed_error.dcp"/>
  <File Type="ROUTE-DCP" Name="registrador16bits_routed.dcp"/>
  <File Type="ROUTE-BLACKBOX-DCP" Name="registrador16bits_routed_bb.dcp"/>
  <File Type="ROUTE-DRC" Name="registrador16bits_drc_routed.rpt"/>
  <File Type="ROUTE-DRC-PB" Name="registrador16bits_drc_routed.pb"/>
  <File Type="ROUTE-DRC-RPX" Name="registrador16bits_drc_routed.rpx"/>
  <File Type="BITSTR-MMI" Name="registrador16bits.mmi"/>
  <File Type="ROUTE-METHODOLOGY-DRC" Name="registrador16bits_methodology_drc_routed.rpt"/>
  <File Type="ROUTE-METHODOLOGY-DRC-RPX" Name="registrador16bits_methodology_drc_routed.rpx"/>
  <File Type="ROUTE-METHODOLOGY-DRC-PB" Name="registrador16bits_methodology_drc_routed.pb"/>
  <File Type="ROUTE-PWR-RPX" Name="registrador16bits_power_routed.rpx"/>
  <File Type="ROUTE-STATUS" Name="registrador16bits_route_status.rpt"/>
  <File Type="ROUTE-STATUS-PB" Name="registrador16bits_route_status.pb"/>
  <File Type="ROUTE-TIMINGSUMMARY" Name="registrador16bits_timing_summary_routed.rpt"/>
  <File Type="ROUTE-TIMING-PB" Name="registrador16bits_timing_summary_routed.pb"/>
  <File Type="ROUTE-TIMING-RPX" Name="registrador16bits_timing_summary_routed.rpx"/>
  <File Type="ROUTE-SIMILARITY" Name="registrador16bits_incremental_reuse_routed.rpt"/>
  <File Type="ROUTE-CLK" Name="registrador16bits_clock_utilization_routed.rpt"/>
  <File Type="ROUTE-BUS-SKEW" Name="registrador16bits_bus_skew_routed.rpt"/>
  <File Type="ROUTE-BUS-SKEW-PB" Name="registrador16bits_bus_skew_routed.pb"/>
  <File Type="ROUTE-BUS-SKEW-RPX" Name="registrador16bits_bus_skew_routed.rpx"/>
  <File Type="POSTROUTE-PHYSOPT-DCP" Name="registrador16bits_postroute_physopt.dcp"/>
  <File Type="POSTROUTE-PHYSOPT-BLACKBOX-DCP" Name="registrador16bits_postroute_physopt_bb.dcp"/>
  <File Type="POSTROUTE-PHYSOPT-TIMING" Name="registrador16bits_timing_summary_postroute_physopted.rpt"/>
  <File Type="POSTROUTE-PHYSOPT-TIMING-PB" Name="registrador16bits_timing_summary_postroute_physopted.pb"/>
  <File Type="POSTROUTE-PHYSOPT-TIMING-RPX" Name="registrador16bits_timing_summary_postroute_physopted.rpx"/>
  <File Type="POSTROUTE-PHYSOPT-BUS-SKEW" Name="registrador16bits_bus_skew_postroute_physopted.rpt"/>
  <File Type="POSTROUTE-PHYSOPT-BUS-SKEW-PB" Name="registrador16bits_bus_skew_postroute_physopted.pb"/>
  <File Type="BG-BIT" Name="registrador16bits.bit"/>
  <File Type="POSTROUTE-PHYSOPT-BUS-SKEW-RPX" Name="registrador16bits_bus_skew_postroute_physopted.rpx"/>
  <File Type="BITSTR-RBT" Name="registrador16bits.rbt"/>
  <File Type="BITSTR-NKY" Name="registrador16bits.nky"/>
  <File Type="PDI-FILE" Name="registrador16bits.pdi"/>
  <File Type="RCFI_FILE" Name="registrador16bits.rcfi"/>
  <File Type="CFI_FILE" Name="registrador16bits.cfi"/>
  <File Type="RNPI_FILE" Name="registrador16bits.rnpi"/>
  <File Type="NPI_FILE" Name="registrador16bits.npi"/>
  <File Type="RBD_FILE" Name="registrador16bits.rbd"/>
  <File Type="BITSTR-LTX" Name="debug_nets.ltx"/>
  <File Type="BITSTR-LTX" Name="registrador16bits.ltx"/>
  <File Type="BITSTR-SYSDEF" Name="registrador16bits.sysdef"/>
  <File Type="BG-BGN" Name="registrador16bits.bgn"/>
  <File Type="BG-DRC" Name="registrador16bits.drc"/>
  <File Type="RDI-RDI" Name="registrador16bits.vdi"/>
  <File Type="WBT-USG" Name="usage_statistics_webtalk.html"/>
  <FileSet Name="sources" Type="DesignSrcs" RelSrcDir="$PSRCDIR/sources_1" RelGenDir="$PGENDIR/sources_1">
    <Filter Type="Srcs"/>
    <File Path="$PSRCDIR/sources_1/imports/new/divisor_clock.vhd">
      <FileInfo>
        <Attr Name="ImportPath" Val="$PPRDIR/../../Semana 12/Trabalho_5_Grupo_12/Trabalho_5_Grupo_12.srcs/sources_1/new/divisor_clock.vhd"/>
        <Attr Name="ImportTime" Val="1633920670"/>
        <Attr Name="UsedIn" Val="synthesis"/>
        <Attr Name="UsedIn" Val="simulation"/>
      </FileInfo>
    </File>
    <File Path="$PSRCDIR/sources_1/new/ff_D_reset.vhd">
      <FileInfo>
        <Attr Name="UsedIn" Val="synthesis"/>
        <Attr Name="UsedIn" Val="simulation"/>
      </FileInfo>
    </File>
    <File Path="$PSRCDIR/sources_1/new/registrador16bits.vhd">
      <FileInfo>
        <Attr Name="UsedIn" Val="synthesis"/>
        <Attr Name="UsedIn" Val="simulation"/>
      </FileInfo>
    </File>
    <Config>
      <Option Name="DesignMode" Val="RTL"/>
      <Option Name="TopModule" Val="registrador16bits"/>
      <Option Name="TopAutoSet" Val="TRUE"/>
    </Config>
  </FileSet>
  <FileSet Name="constrs_in" Type="Constrs" RelSrcDir="$PSRCDIR/constrs_1">
    <Filter Type="Constrs"/>
    <File Path="$PSRCDIR/constrs_1/imports/PED1/Basys3_Master.xdc">
      <FileInfo>
        <Attr Name="ImportPath" Val="$PPRDIR/../../Basys3_Master.xdc"/>
        <Attr Name="ImportTime" Val="1632665630"/>
        <Attr Name="UsedIn" Val="synthesis"/>
        <Attr Name="UsedIn" Val="implementation"/>
      </FileInfo>
    </File>
    <Config>
      <Option Name="ConstrsType" Val="XDC"/>
    </Config>
  </FileSet>
  <FileSet Name="utils" Type="Utils" RelSrcDir="$PSRCDIR/utils_1">
    <Filter Type="Utils"/>
    <Config>
      <Option Name="TopAutoSet" Val="TRUE"/>
    </Config>
  </FileSet>
  <Strategy Version="1" Minor="2">
    <StratHandle Name="Vivado Implementation Defaults" Flow="Vivado Implementation 2020"/>
    <Step Id="init_design"/>
    <Step Id="opt_design"/>
    <Step Id="power_opt_design"/>
    <Step Id="place_design"/>
    <Step Id="post_place_power_opt_design"/>
    <Step Id="phys_opt_design"/>
    <Step Id="route_design"/>
    <Step Id="post_route_phys_opt_design"/>
    <Step Id="write_bitstream"/>
  </Strategy>
</GenRun>
