<?xml version="1.0" encoding="UTF-8"?>
<GenRun Id="impl_1" LaunchPart="xc7a35tcpg236-1" LaunchTime="1633918139">
  <File Type="BITSTR-BMM" Name="calculadora_bd.bmm"/>
  <File Type="OPT-METHODOLOGY-DRC" Name="calculadora_methodology_drc_opted.rpt"/>
  <File Type="INIT-TIMING" Name="calculadora_timing_summary_init.rpt"/>
  <File Type="ROUTE-PWR" Name="calculadora_power_routed.rpt"/>
  <File Type="PA-TCL" Name="calculadora.tcl"/>
  <File Type="OPT-TIMING" Name="calculadora_timing_summary_opted.rpt"/>
  <File Type="OPT-DCP" Name="calculadora_opt.dcp"/>
  <File Type="ROUTE-PWR-SUM" Name="calculadora_power_summary_routed.pb"/>
  <File Type="REPORTS-TCL" Name="calculadora_reports.tcl"/>
  <File Type="OPT-DRC" Name="calculadora_drc_opted.rpt"/>
  <File Type="OPT-HWDEF" Name="calculadora.hwdef"/>
  <File Type="PWROPT-DCP" Name="calculadora_pwropt.dcp"/>
  <File Type="PWROPT-DRC" Name="calculadora_drc_pwropted.rpt"/>
  <File Type="PWROPT-TIMING" Name="calculadora_timing_summary_pwropted.rpt"/>
  <File Type="PLACE-DCP" Name="calculadora_placed.dcp"/>
  <File Type="PLACE-IO" Name="calculadora_io_placed.rpt"/>
  <File Type="PLACE-CLK" Name="calculadora_clock_utilization_placed.rpt"/>
  <File Type="PLACE-UTIL" Name="calculadora_utilization_placed.rpt"/>
  <File Type="PLACE-UTIL-PB" Name="calculadora_utilization_placed.pb"/>
  <File Type="PLACE-CTRL" Name="calculadora_control_sets_placed.rpt"/>
  <File Type="PLACE-SIMILARITY" Name="calculadora_incremental_reuse_placed.rpt"/>
  <File Type="PLACE-PRE-SIMILARITY" Name="calculadora_incremental_reuse_pre_placed.rpt"/>
  <File Type="PLACE-TIMING" Name="calculadora_timing_summary_placed.rpt"/>
  <File Type="POSTPLACE-PWROPT-DCP" Name="calculadora_postplace_pwropt.dcp"/>
  <File Type="BG-BIN" Name="calculadora.bin"/>
  <File Type="POSTPLACE-PWROPT-TIMING" Name="calculadora_timing_summary_postplace_pwropted.rpt"/>
  <File Type="PHYSOPT-DCP" Name="calculadora_physopt.dcp"/>
  <File Type="PHYSOPT-DRC" Name="calculadora_drc_physopted.rpt"/>
  <File Type="BITSTR-MSK" Name="calculadora.msk"/>
  <File Type="PHYSOPT-TIMING" Name="calculadora_timing_summary_physopted.rpt"/>
  <File Type="ROUTE-ERROR-DCP" Name="calculadora_routed_error.dcp"/>
  <File Type="ROUTE-DCP" Name="calculadora_routed.dcp"/>
  <File Type="ROUTE-BLACKBOX-DCP" Name="calculadora_routed_bb.dcp"/>
  <File Type="ROUTE-DRC" Name="calculadora_drc_routed.rpt"/>
  <File Type="ROUTE-DRC-PB" Name="calculadora_drc_routed.pb"/>
  <File Type="ROUTE-DRC-RPX" Name="calculadora_drc_routed.rpx"/>
  <File Type="BITSTR-MMI" Name="calculadora.mmi"/>
  <File Type="ROUTE-METHODOLOGY-DRC" Name="calculadora_methodology_drc_routed.rpt"/>
  <File Type="ROUTE-METHODOLOGY-DRC-RPX" Name="calculadora_methodology_drc_routed.rpx"/>
  <File Type="ROUTE-METHODOLOGY-DRC-PB" Name="calculadora_methodology_drc_routed.pb"/>
  <File Type="ROUTE-PWR-RPX" Name="calculadora_power_routed.rpx"/>
  <File Type="ROUTE-STATUS" Name="calculadora_route_status.rpt"/>
  <File Type="ROUTE-STATUS-PB" Name="calculadora_route_status.pb"/>
  <File Type="ROUTE-TIMINGSUMMARY" Name="calculadora_timing_summary_routed.rpt"/>
  <File Type="ROUTE-TIMING-PB" Name="calculadora_timing_summary_routed.pb"/>
  <File Type="ROUTE-TIMING-RPX" Name="calculadora_timing_summary_routed.rpx"/>
  <File Type="ROUTE-SIMILARITY" Name="calculadora_incremental_reuse_routed.rpt"/>
  <File Type="ROUTE-CLK" Name="calculadora_clock_utilization_routed.rpt"/>
  <File Type="ROUTE-BUS-SKEW" Name="calculadora_bus_skew_routed.rpt"/>
  <File Type="ROUTE-BUS-SKEW-PB" Name="calculadora_bus_skew_routed.pb"/>
  <File Type="ROUTE-BUS-SKEW-RPX" Name="calculadora_bus_skew_routed.rpx"/>
  <File Type="POSTROUTE-PHYSOPT-DCP" Name="calculadora_postroute_physopt.dcp"/>
  <File Type="POSTROUTE-PHYSOPT-BLACKBOX-DCP" Name="calculadora_postroute_physopt_bb.dcp"/>
  <File Type="POSTROUTE-PHYSOPT-TIMING" Name="calculadora_timing_summary_postroute_physopted.rpt"/>
  <File Type="POSTROUTE-PHYSOPT-TIMING-PB" Name="calculadora_timing_summary_postroute_physopted.pb"/>
  <File Type="POSTROUTE-PHYSOPT-TIMING-RPX" Name="calculadora_timing_summary_postroute_physopted.rpx"/>
  <File Type="POSTROUTE-PHYSOPT-BUS-SKEW" Name="calculadora_bus_skew_postroute_physopted.rpt"/>
  <File Type="POSTROUTE-PHYSOPT-BUS-SKEW-PB" Name="calculadora_bus_skew_postroute_physopted.pb"/>
  <File Type="BG-BIT" Name="calculadora.bit"/>
  <File Type="POSTROUTE-PHYSOPT-BUS-SKEW-RPX" Name="calculadora_bus_skew_postroute_physopted.rpx"/>
  <File Type="BITSTR-RBT" Name="calculadora.rbt"/>
  <File Type="BITSTR-NKY" Name="calculadora.nky"/>
  <File Type="PDI-FILE" Name="calculadora.pdi"/>
  <File Type="RCFI_FILE" Name="calculadora.rcfi"/>
  <File Type="CFI_FILE" Name="calculadora.cfi"/>
  <File Type="RNPI_FILE" Name="calculadora.rnpi"/>
  <File Type="NPI_FILE" Name="calculadora.npi"/>
  <File Type="RBD_FILE" Name="calculadora.rbd"/>
  <File Type="BITSTR-LTX" Name="debug_nets.ltx"/>
  <File Type="BITSTR-LTX" Name="calculadora.ltx"/>
  <File Type="BITSTR-SYSDEF" Name="calculadora.sysdef"/>
  <File Type="BG-BGN" Name="calculadora.bgn"/>
  <File Type="BG-DRC" Name="calculadora.drc"/>
  <File Type="RDI-RDI" Name="calculadora.vdi"/>
  <File Type="WBT-USG" Name="usage_statistics_webtalk.html"/>
  <FileSet Name="sources" Type="DesignSrcs" RelSrcDir="$PSRCDIR/sources_1" RelGenDir="$PGENDIR/sources_1">
    <Filter Type="Srcs"/>
    <File Path="$PSRCDIR/sources_1/new/Mux_4_Disp_7S.vhd">
      <FileInfo>
        <Attr Name="UsedIn" Val="synthesis"/>
        <Attr Name="UsedIn" Val="simulation"/>
      </FileInfo>
    </File>
    <File Path="$PSRCDIR/sources_1/imports/new/display7segmentos_DP_C2.vhd">
      <FileInfo>
        <Attr Name="ImportPath" Val="$PPRDIR/../../Semana 10/Trabalho_4_Grupo_12/Semana10_Trabalho4.srcs/sources_1/new/display7segmentos_DP_C2.vhd"/>
        <Attr Name="ImportTime" Val="1633902714"/>
        <Attr Name="UsedIn" Val="synthesis"/>
        <Attr Name="UsedIn" Val="simulation"/>
      </FileInfo>
    </File>
    <File Path="$PSRCDIR/sources_1/new/divisor_clock.vhd">
      <FileInfo>
        <Attr Name="UsedIn" Val="synthesis"/>
        <Attr Name="UsedIn" Val="simulation"/>
      </FileInfo>
    </File>
    <File Path="$PSRCDIR/sources_1/imports/new/inversor.vhd">
      <FileInfo>
        <Attr Name="ImportPath" Val="$PPRDIR/../somasub/somasub.srcs/sources_1/new/inversor.vhd"/>
        <Attr Name="ImportTime" Val="1633891417"/>
        <Attr Name="UsedIn" Val="synthesis"/>
        <Attr Name="UsedIn" Val="simulation"/>
      </FileInfo>
    </File>
    <File Path="$PSRCDIR/sources_1/imports/new/logica_de_selecao.vhd">
      <FileInfo>
        <Attr Name="ImportPath" Val="$PPRDIR/../../Semana 10/Trabalho_4_Grupo_12/Semana10_Trabalho4.srcs/sources_1/new/logica_de_selecao.vhd"/>
        <Attr Name="ImportTime" Val="1633902721"/>
        <Attr Name="UsedIn" Val="synthesis"/>
        <Attr Name="UsedIn" Val="simulation"/>
      </FileInfo>
    </File>
    <File Path="$PSRCDIR/sources_1/imports/new/mux2x1.vhd">
      <FileInfo>
        <Attr Name="ImportPath" Val="$PPRDIR/../somasub/somasub.srcs/sources_1/new/mux2x1.vhd"/>
        <Attr Name="ImportTime" Val="1633891417"/>
        <Attr Name="UsedIn" Val="synthesis"/>
        <Attr Name="UsedIn" Val="simulation"/>
      </FileInfo>
    </File>
    <File Path="$PSRCDIR/sources_1/imports/new/mux4x1.vhd">
      <FileInfo>
        <Attr Name="ImportPath" Val="$PPRDIR/../../Semana 10/Trabalho_4_Grupo_12/Semana10_Trabalho4.srcs/sources_1/new/mux4x1.vhd"/>
        <Attr Name="ImportTime" Val="1633899268"/>
        <Attr Name="UsedIn" Val="synthesis"/>
        <Attr Name="UsedIn" Val="simulation"/>
      </FileInfo>
    </File>
    <File Path="$PSRCDIR/sources_1/imports/new/somador.vhd">
      <FileInfo>
        <Attr Name="ImportPath" Val="$PPRDIR/../somasub/somasub.srcs/sources_1/new/somador.vhd"/>
        <Attr Name="ImportTime" Val="1633891417"/>
        <Attr Name="UsedIn" Val="synthesis"/>
        <Attr Name="UsedIn" Val="simulation"/>
      </FileInfo>
    </File>
    <File Path="$PSRCDIR/sources_1/imports/new/somador4.vhd">
      <FileInfo>
        <Attr Name="ImportPath" Val="$PPRDIR/../somasub/somasub.srcs/sources_1/new/somador4.vhd"/>
        <Attr Name="ImportTime" Val="1633891417"/>
        <Attr Name="UsedIn" Val="synthesis"/>
        <Attr Name="UsedIn" Val="simulation"/>
      </FileInfo>
    </File>
    <File Path="$PSRCDIR/sources_1/imports/new/somasub.vhd">
      <FileInfo>
        <Attr Name="ImportPath" Val="$PPRDIR/../somasub/somasub.srcs/sources_1/new/somasub.vhd"/>
        <Attr Name="ImportTime" Val="1633892229"/>
        <Attr Name="UsedIn" Val="synthesis"/>
        <Attr Name="UsedIn" Val="simulation"/>
      </FileInfo>
    </File>
    <File Path="$PSRCDIR/sources_1/new/calculadora.vhd">
      <FileInfo>
        <Attr Name="UsedIn" Val="synthesis"/>
        <Attr Name="UsedIn" Val="simulation"/>
      </FileInfo>
    </File>
    <Config>
      <Option Name="DesignMode" Val="RTL"/>
      <Option Name="TopModule" Val="calculadora"/>
    </Config>
  </FileSet>
  <FileSet Name="constrs_in" Type="Constrs" RelSrcDir="$PSRCDIR/constrs_1">
    <Filter Type="Constrs"/>
    <File Path="$PSRCDIR/constrs_1/imports/PED1/Basys3_Master.xdc">
      <FileInfo>
        <Attr Name="ImportPath" Val="$PPRDIR/../../Basys3_Master.xdc"/>
        <Attr Name="ImportTime" Val="1633914055"/>
        <Attr Name="UsedIn" Val="synthesis"/>
        <Attr Name="UsedIn" Val="implementation"/>
      </FileInfo>
    </File>
    <Config>
      <Option Name="ConstrsType" Val="XDC"/>
    </Config>
  </FileSet>
  <FileSet Name="utils" Type="Utils" RelSrcDir="$PSRCDIR/utils_1">
    <Filter Type="Utils"/>
    <Config>
      <Option Name="TopAutoSet" Val="TRUE"/>
    </Config>
  </FileSet>
  <Strategy Version="1" Minor="2">
    <StratHandle Name="Vivado Implementation Defaults" Flow="Vivado Implementation 2020"/>
    <Step Id="init_design"/>
    <Step Id="opt_design"/>
    <Step Id="power_opt_design"/>
    <Step Id="place_design"/>
    <Step Id="post_place_power_opt_design"/>
    <Step Id="phys_opt_design"/>
    <Step Id="route_design"/>
    <Step Id="post_route_phys_opt_design"/>
    <Step Id="write_bitstream"/>
  </Strategy>
</GenRun>
