<?xml version="1.0" encoding="UTF-8"?>
<GenRun Id="synth_1" LaunchPart="xc7a35tcpg236-1" LaunchTime="1633918139">
  <File Type="PA-TCL" Name="calculadora.tcl"/>
  <File Type="RDS-PROPCONSTRS" Name="calculadora_drc_synth.rpt"/>
  <File Type="REPORTS-TCL" Name="calculadora_reports.tcl"/>
  <File Type="RDS-RDS" Name="calculadora.vds"/>
  <File Type="RDS-UTIL" Name="calculadora_utilization_synth.rpt"/>
  <File Type="RDS-UTIL-PB" Name="calculadora_utilization_synth.pb"/>
  <File Type="RDS-DCP" Name="calculadora.dcp"/>
  <File Type="VDS-TIMINGSUMMARY" Name="calculadora_timing_summary_synth.rpt"/>
  <File Type="VDS-TIMING-PB" Name="calculadora_timing_summary_synth.pb"/>
  <FileSet Name="sources" Type="DesignSrcs" RelSrcDir="$PSRCDIR/sources_1" RelGenDir="$PGENDIR/sources_1">
    <Filter Type="Srcs"/>
    <File Path="$PSRCDIR/sources_1/new/Mux_4_Disp_7S.vhd">
      <FileInfo>
        <Attr Name="UsedIn" Val="synthesis"/>
        <Attr Name="UsedIn" Val="simulation"/>
      </FileInfo>
    </File>
    <File Path="$PSRCDIR/sources_1/imports/new/display7segmentos_DP_C2.vhd">
      <FileInfo>
        <Attr Name="ImportPath" Val="$PPRDIR/../../Semana 10/Trabalho_4_Grupo_12/Semana10_Trabalho4.srcs/sources_1/new/display7segmentos_DP_C2.vhd"/>
        <Attr Name="ImportTime" Val="1633902714"/>
        <Attr Name="UsedIn" Val="synthesis"/>
        <Attr Name="UsedIn" Val="simulation"/>
      </FileInfo>
    </File>
    <File Path="$PSRCDIR/sources_1/new/divisor_clock.vhd">
      <FileInfo>
        <Attr Name="UsedIn" Val="synthesis"/>
        <Attr Name="UsedIn" Val="simulation"/>
      </FileInfo>
    </File>
    <File Path="$PSRCDIR/sources_1/imports/new/inversor.vhd">
      <FileInfo>
        <Attr Name="ImportPath" Val="$PPRDIR/../somasub/somasub.srcs/sources_1/new/inversor.vhd"/>
        <Attr Name="ImportTime" Val="1633891417"/>
        <Attr Name="UsedIn" Val="synthesis"/>
        <Attr Name="UsedIn" Val="simulation"/>
      </FileInfo>
    </File>
    <File Path="$PSRCDIR/sources_1/imports/new/logica_de_selecao.vhd">
      <FileInfo>
        <Attr Name="ImportPath" Val="$PPRDIR/../../Semana 10/Trabalho_4_Grupo_12/Semana10_Trabalho4.srcs/sources_1/new/logica_de_selecao.vhd"/>
        <Attr Name="ImportTime" Val="1633902721"/>
        <Attr Name="UsedIn" Val="synthesis"/>
        <Attr Name="UsedIn" Val="simulation"/>
      </FileInfo>
    </File>
    <File Path="$PSRCDIR/sources_1/imports/new/mux2x1.vhd">
      <FileInfo>
        <Attr Name="ImportPath" Val="$PPRDIR/../somasub/somasub.srcs/sources_1/new/mux2x1.vhd"/>
        <Attr Name="ImportTime" Val="1633891417"/>
        <Attr Name="UsedIn" Val="synthesis"/>
        <Attr Name="UsedIn" Val="simulation"/>
      </FileInfo>
    </File>
    <File Path="$PSRCDIR/sources_1/imports/new/mux4x1.vhd">
      <FileInfo>
        <Attr Name="ImportPath" Val="$PPRDIR/../../Semana 10/Trabalho_4_Grupo_12/Semana10_Trabalho4.srcs/sources_1/new/mux4x1.vhd"/>
        <Attr Name="ImportTime" Val="1633899268"/>
        <Attr Name="UsedIn" Val="synthesis"/>
        <Attr Name="UsedIn" Val="simulation"/>
      </FileInfo>
    </File>
    <File Path="$PSRCDIR/sources_1/imports/new/somador.vhd">
      <FileInfo>
        <Attr Name="ImportPath" Val="$PPRDIR/../somasub/somasub.srcs/sources_1/new/somador.vhd"/>
        <Attr Name="ImportTime" Val="1633891417"/>
        <Attr Name="UsedIn" Val="synthesis"/>
        <Attr Name="UsedIn" Val="simulation"/>
      </FileInfo>
    </File>
    <File Path="$PSRCDIR/sources_1/imports/new/somador4.vhd">
      <FileInfo>
        <Attr Name="ImportPath" Val="$PPRDIR/../somasub/somasub.srcs/sources_1/new/somador4.vhd"/>
        <Attr Name="ImportTime" Val="1633891417"/>
        <Attr Name="UsedIn" Val="synthesis"/>
        <Attr Name="UsedIn" Val="simulation"/>
      </FileInfo>
    </File>
    <File Path="$PSRCDIR/sources_1/imports/new/somasub.vhd">
      <FileInfo>
        <Attr Name="ImportPath" Val="$PPRDIR/../somasub/somasub.srcs/sources_1/new/somasub.vhd"/>
        <Attr Name="ImportTime" Val="1633892229"/>
        <Attr Name="UsedIn" Val="synthesis"/>
        <Attr Name="UsedIn" Val="simulation"/>
      </FileInfo>
    </File>
    <File Path="$PSRCDIR/sources_1/new/calculadora.vhd">
      <FileInfo>
        <Attr Name="UsedIn" Val="synthesis"/>
        <Attr Name="UsedIn" Val="simulation"/>
      </FileInfo>
    </File>
    <Config>
      <Option Name="DesignMode" Val="RTL"/>
      <Option Name="TopModule" Val="calculadora"/>
    </Config>
  </FileSet>
  <FileSet Name="constrs_in" Type="Constrs" RelSrcDir="$PSRCDIR/constrs_1">
    <Filter Type="Constrs"/>
    <File Path="$PSRCDIR/constrs_1/imports/PED1/Basys3_Master.xdc">
      <FileInfo>
        <Attr Name="ImportPath" Val="$PPRDIR/../../Basys3_Master.xdc"/>
        <Attr Name="ImportTime" Val="1633914055"/>
        <Attr Name="UsedIn" Val="synthesis"/>
        <Attr Name="UsedIn" Val="implementation"/>
      </FileInfo>
    </File>
    <Config>
      <Option Name="ConstrsType" Val="XDC"/>
    </Config>
  </FileSet>
  <FileSet Name="utils" Type="Utils" RelSrcDir="$PSRCDIR/utils_1">
    <Filter Type="Utils"/>
    <Config>
      <Option Name="TopAutoSet" Val="TRUE"/>
    </Config>
  </FileSet>
  <Strategy Version="1" Minor="2">
    <StratHandle Name="Vivado Synthesis Defaults" Flow="Vivado Synthesis 2020"/>
    <Step Id="synth_design"/>
  </Strategy>
</GenRun>
